foto,ruta,vistas,unicas
2026-08-20,/notluquis/mcp-pjud,8,1
2026-08-20,/notluquis/mcp-pjud-cl,3,1
2026-08-20,/notluquis/mcp-pjud-cl/commits/main,4,1
2026-08-20,/notluquis/mcp-pjud-cl/issues,4,1
2026-08-20,/notluquis/mcp-pjud-cl/pulls,3,1
2026-08-20,/notluquis/mcp-pjud-cl/security,9,1
2026-08-20,/notluquis/mcp-pjud-cl/security/code-scanning,8,1
2026-08-20,/notluquis/mcp-pjud-cl/security/code-scanning/8,3,1
2026-08-21,/notluquis/mcp-pjud,8,1
2026-08-21,/notluquis/mcp-pjud-cl,3,1
2026-08-21,/notluquis/mcp-pjud-cl/commits/main,4,1
2026-08-21,/notluquis/mcp-pjud-cl/issues,4,1
2026-08-21,/notluquis/mcp-pjud-cl/pulls,3,1
2026-08-21,/notluquis/mcp-pjud-cl/security,9,1
2026-08-21,/notluquis/mcp-pjud-cl/security/code-scanning,8,1
2026-08-21,/notluquis/mcp-pjud-cl/security/code-scanning/8,3,1
2026-08-22,/notluquis/mcp-pjud,8,1
2026-08-22,/notluquis/mcp-pjud-cl,3,1
2026-08-22,/notluquis/mcp-pjud-cl/commits/main,4,1
2026-08-22,/notluquis/mcp-pjud-cl/issues,12,1
2026-08-22,/notluquis/mcp-pjud-cl/issues/34,3,1
2026-08-22,/notluquis/mcp-pjud-cl/pulls,21,1
2026-08-22,/notluquis/mcp-pjud-cl/releases,4,1
2026-08-22,/notluquis/mcp-pjud-cl/security,9,1
2026-08-22,/notluquis/mcp-pjud-cl/security/code-scanning,8,1
